[
    {
        "id": "54e111c70c9afd9b",
        "type": "tab",
        "label": "Flow 2",
        "disabled": false,
        "info": "",
        "env": []
    },
    {
        "id": "1848cb4b93407ad4",
        "type": "inject",
        "z": "54e111c70c9afd9b",
        "name": "Inicio",
        "props": [
            {
                "p": "payload"
            },
            {
                "p": "topic",
                "vt": "str"
            }
        ],
        "repeat": "",
        "crontab": "",
        "once": true,
        "onceDelay": 0.1,
        "topic": "",
        "payload": "",
        "payloadType": "date",
        "x": 70,
        "y": 120,
        "wires": [
            [
                "ad45e2f95e6f650d",
                "b63b69e71b92f9c4"
            ]
        ]
    },
    {
        "id": "0a37e9e1bb97c7b0",
        "type": "mqtt out",
        "z": "54e111c70c9afd9b",
        "name": "",
        "topic": "utng/kacc/sensor",
        "qos": "2",
        "retain": "",
        "respTopic": "",
        "contentType": "",
        "userProps": "",
        "correl": "",
        "expiry": "",
        "broker": "743cd057cd59c81d",
        "x": 450,
        "y": 100,
        "wires": []
    },
    {
        "id": "ad45e2f95e6f650d",
        "type": "ui_switch",
        "z": "54e111c70c9afd9b",
        "name": "",
        "label": "ledniiño",
        "tooltip": "",
        "group": "dd9ac62ed720bf64",
        "order": 0,
        "width": 0,
        "height": 0,
        "passthru": true,
        "decouple": "false",
        "topic": "topic",
        "topicType": "msg",
        "style": "",
        "onvalue": "1",
        "onvalueType": "num",
        "onicon": "",
        "oncolor": "",
        "offvalue": "0",
        "offvalueType": "num",
        "officon": "",
        "offcolor": "",
        "animate": false,
        "className": "",
        "x": 240,
        "y": 40,
        "wires": [
            [
                "0a37e9e1bb97c7b0"
            ]
        ]
    },
    {
        "id": "b63b69e71b92f9c4",
        "type": "ui_button",
        "z": "54e111c70c9afd9b",
        "name": "",
        "group": "1c072e118f7c01b3",
        "order": 1,
        "width": 0,
        "height": 0,
        "passthru": false,
        "label": "button",
        "tooltip": "",
        "color": "",
        "bgcolor": "",
        "className": "",
        "icon": "",
        "payload": "2",
        "payloadType": "num",
        "topic": "topic",
        "topicType": "msg",
        "x": 230,
        "y": 160,
        "wires": [
            [
                "0a37e9e1bb97c7b0"
            ]
        ]
    },
    {
        "id": "743cd057cd59c81d",
        "type": "mqtt-broker",
        "name": "",
        "broker": "192.168.1.100",
        "port": "1883",
        "clientid": "",
        "autoConnect": true,
        "usetls": false,
        "protocolVersion": "4",
        "keepalive": "60",
        "cleansession": true,
        "autoUnsubscribe": true,
        "birthTopic": "",
        "birthQos": "0",
        "birthRetain": "false",
        "birthPayload": "",
        "birthMsg": {},
        "closeTopic": "",
        "closeQos": "0",
        "closeRetain": "false",
        "closePayload": "",
        "closeMsg": {},
        "willTopic": "",
        "willQos": "0",
        "willRetain": "false",
        "willPayload": "",
        "willMsg": {},
        "userProps": "",
        "sessionExpiry": ""
    },
    {
        "id": "dd9ac62ed720bf64",
        "type": "ui_group",
        "name": "LED1",
        "tab": "8b85aa99b39a3224",
        "order": 1,
        "disp": true,
        "width": "6",
        "collapse": false,
        "className": ""
    },
    {
        "id": "1c072e118f7c01b3",
        "type": "ui_group",
        "name": "servo2",
        "tab": "8b85aa99b39a3224",
        "order": 2,
        "disp": true,
        "width": "6",
        "collapse": false,
        "className": ""
    },
    {
        "id": "8b85aa99b39a3224",
        "type": "ui_tab",
        "name": "NiñoDios",
        "icon": "dashboard",
        "order": 2,
        "disabled": false,
        "hidden": false
    }
]